{
  "project_info": {
    "project_number": "394489108337",
    "firebase_url": "https://leavemanagementsystem-6e167.firebaseio.com",
    "project_id": "leavemanagementsystem-6e167",
    "storage_bucket": "leavemanagementsystem-6e167.appspot.com"
  },
  "client": [
    {
      "client_info": {
        "mobilesdk_app_id": "1:394489108337:android:66fa6870f6e6602a",
        "android_client_info": {
          "package_name": "com.example.manog.leavemanagementsystem"
        }
      },
      "oauth_client": [
        {
          "client_id": "394489108337-2l2qr9k2p8jotmk0gfibpg3vpcdlp8ip.apps.googleusercontent.com",
          "client_type": 3
        }
      ],
      "api_key": [
        {
          "current_key": "AIzaSyDYA9pc9DKczyYE5YS34MQtOm6qx0ZFg-c"
        }
      ],
      "services": {
        "analytics_service": {
          "status": 1
        },
        "appinvite_service": {
          "status": 1,
          "other_platform_oauth_client": []
        },
        "ads_service": {
          "status": 2
        }
      }
    }
  ],
  "configuration_version": "1"
}